day,nominal_infections,lower_beta_infections,higher_beta_infections
0,0.01,0.01,0.01
1,0.010635133957369909,0.010569867170923848,0.010700798035219313
2,0.011310107262090445,0.01117180306057593,0.011450104606726597
3,0.012027425292630851,0.011807635895020397,0.012251256451714472
4,0.01278965011296776,0.01247920026481615,0.013107720647347861
5,0.013599512117837574,0.013188450183035058,0.014023203615027867
6,0.014459900694797526,0.013937437064107033,0.015001651466307674
7,0.015373872177548452,0.014728322843801397,0.016047255691388585
8,0.016344656012014683,0.015563377103576179,0.017164473937219055
9,0.017375662532085168,0.01644498891475025,0.018358021875128097
10,0.01847048196966423,0.017375662514730036,0.01963290629851319
11,0.019632906282501757,0.01835802184181972,0.020994433170685944
12,0.020866932356177592,0.019394824744544785,0.022448220206083228
13,0.022176768836022473,0.02048896015196002,0.024000217529270815
14,0.02356685367981323,0.02164345778518212,0.025656695973640665
15,0.025041841572559228,0.022861494519480684,0.02742427546008482
16,0.0266066190001773,0.024146392160324215,0.029309955305626443
17,0.02826632752077494,0.02550161817106622,0.03132111908236432
18,0.030026367987097125,0.026930797086430393,0.03346554235776467
19,0.03189241064467595,0.02843772519831015,0.035751370032004
20,0.03387038445620182,0.030026367951421756,0.038187156384967946
21,0.03596647672168854,0.03170086894313103,0.040781873105758794
22,0.03818715635302009,0.03346554229964859,0.04354491337217073
23,0.04053917840382721,0.03532486708915056,0.04648608095372481
24,0.04302958585623036,0.03728350807058916,0.049615599963013866
25,0.045665702805625145,0.03934631616765164,0.052944105810012215
26,0.048455137203453735,0.04151833089037151,0.05648263440322958
27,0.05140578574459871,0.043804781006168886,0.060242620269406036
28,0.054525813360798106,0.046211075594777495,0.0642358586266307
29,0.05782366677367829,0.04874281473567526,0.06847451087684946
30,0.061308047344621294,0.051405785694510056,0.07297103771942842
31,0.06498790719570467,0.05420594992795849,0.077738201976059
32,0.06887244033451802,0.057149455533002914,0.08278898585356839
33,0.07297103766150709,0.06024262016253389,0.08813656831171021
34,0.07729329988718703,0.06349192206080104,0.09379425277309313
35,0.08184897425064971,0.06690400780418666,0.09977537712057408
36,0.08664794261325516,0.07048565822615857,0.10609325181597498
37,0.0917001923763484,0.07424378973144594,0.11276107296671799
38,0.09701573596500375,0.0781854476534655,0.11979179722479946
39,0.10260459577563183,0.08231775854103561,0.12719804857014297
40,0.10847673594541148,0.08664794253589903,0.13499197084760917
41,0.11464201474362525,0.09118328461998983,0.1431851151965091
42,0.12111009340665918,0.09593108206444223,0.15178826887478292
43,0.12789038911277292,0.10089864537233464,0.16081132193220155
44,0.13499197075323163,0.10609325164410106,0.17026308198150064
45,0.1424234975282662,0.11152212452070365,0.18015111686515992
46,0.15019310311407502,0.11719237608713752,0.19048157076677635
47,0.15830832284935167,0.12311097973704282,0.20125899539666606
48,0.1667759685081413,0.12928471870299313,0.21248615437065224
49,0.17560204465199966,0.13572013728548102,0.22416383137895546
50,0.18479161956233534,0.14242349740816912,0.23629071739064839
51,0.19434873251187718,0.14940070875803863,0.24886321543184736
52,0.20427627574806093,0.15665729183942834,0.26187528594116244
53,0.21457586823490565,0.16419829558796498,0.2753183306018341
54,0.22524775023727428,0.17202825631678936,0.2891810983299158
55,0.23629071724452524,0.18015111659722688,0.3034495983608444
56,0.24770198788975223,0.18857017116308167,0.3181070546831626
57,0.2594771126496324,0.1972880006822491,0.33313389997433324
58,0.2716098971367936,0.20630640223692934,0.3485077938943206
59,0.2840923526535329,0.21562631113794298,0.36420369814110504
60,0.2969146249960966,0.2252477500676397,0.38019397389974113
61,0.31006497244940323,0.23516978804266567,0.3964485388054294
62,0.32352973824596,0.24539045812527158,0.41293505007962844
63,0.33729336723922354,0.2559067048075725,0.42961913791771733
64,0.35133841925743564,0.2667143337478287,0.4464646692627401
65,0.3656456302912805,0.27780798777798765,0.4634340447404914
66,0.38019397371112906,0.2891810979655558,0.48048853685834003
67,0.3949607650717639,0.30082586560846714,0.4975886135180454
68,0.4099217744089105,0.3127332422099654,0.5146943383952126
69,0.42505137149949296,0.32489292525237046,0.5317656978303911
70,0.4403226871723767,0.3372933670229941,0.5487630257611527
71,0.45570779027654884,0.3499217847005928,0.5656473167603158
72,0.471177896944459,0.36276419987077624,0.5823806316863063
73,0.48670356740380216,0.375805470202096,0.5989263845569132
74,0.5022549358565125,0.3890293522556897,0.6152496870222861
75,0.5178019470036419,0.4024185630839223,0.6313175975150983
76,0.5333145599842121,0.41595486128140935,0.6470993755798573
77,0.5487630255654244,0.4296191374856247,0.6625666798980994
78,0.5641180588106085,0.4433915147495276,0.6776937220086997
79,0.5793511095997966,0.4572514566922689,0.6924573982974146
80,0.5944345339728808,0.4711778967049216,0.7068373506666569
81,0.6093418005113124,0.48514934881495014,0.7208160193699963
82,0.624047679678811,0.49914404723690525,0.7343786304667203
83,0.6385283634116838,0.5131400921518681,0.7475131652564573
84,0.6527616486133907,0.5271155551854291,0.7602102975706856
85,0.6667270027195018,0.5410486548896583,0.7724632652316109
86,0.6804056876433581,0.5549178683895927,0.7842677912801584
87,0.6937808068064996,0.5687020578308407,0.7956219366329199
88,0.706837350505153,0.5823806312648494,0.8065259307766183
89,0.7195622215054401,0.595933614291707,0.816981993024113
90,0.7319442257115115,0.6093418002869734,0.8269941838682978
91,0.7439740531545154,0.6225868447766228,0.8365682157890774
92,0.755644247530948,0.6356513316143105,0.8457112744281201
93,0.7669491267564776,0.6485188951214056,0.8544318357775293
94,0.777884719200061,0.6611742529957483,0.8627394999333773
95,0.7884487145964169,0.6736032777157221,0.8706448190514868
96,0.7986403372891456,0.6857930464341695,0.8781591419501872
97,0.8084602552581842,0.6977318529870977,0.8852944622784836
98,0.8179104591071072,0.7094092439274249,0.8920632800093571
99,0.8269941837517681,0.7208160190244584,0.8984784718729242
100,0.8357157758725394,0.7319442255266054,0.9045531739504442
101,0.8440805894496528,0.7427871448463736,0.9103006753501901
102,0.8520948723606605,0.753339276795628,0.915734321732026
103,0.8597656566296518,0.7635962901097572,0.92086743137905
104,0.8671006620869213,0.7735549795149157,0.9257132193902073
105,0.8741081830542213,0.7832132498408829,0.9302847339609455
106,0.88079700780697,0.7925700419011463,0.9345947971868124
107,0.8871763146731523,0.8016252755085923,0.9386559629609827
108,0.8932555992131704,0.8103797871762752,0.942480484189163
109,0.8990445883420174,0.8188352594894528,0.9460802642421638
110,0.9045531738804476,0.8269941836110566,0.9494668357504257
111,0.9097913449625755,0.8348597674400955,0.9526513495290366
112,0.9147691292145171,0.842435880753897,0.9556445522165302
113,0.919496540475453,0.8497269893006938,0.9584567885407306
114,0.9239835307108961,0.8567380822947325,0.9610979823083432
115,0.9282399487433757,0.8634746257862319,0.9635776366503532
116,0.9322755037414315,0.8699424860510451,0.9659048443925968
117,0.9360997315339884,0.8761478826985347,0.9680882782718834
118,0.9397219752123431,0.8820973307546399,0.9701362097092043
119,0.943151363127227,0.8877975850994457,0.9720565092619528
120,0.9463967742307747,0.8932555991200316,0.9738566560590073
121,0.9494668357094995,0.898478471708971,0.9755437549604165
122,0.952369912264799,0.9034734103760804,0.9771245376668949
123,0.9551140915516948,0.9082476906575319,0.9786053839725135
124,0.9577071872060752,0.9128086200625951,0.979992330806554
125,0.9601567297508427,0.91716350742191,0.9812910843235247
126,0.9624699562272584,0.9213196327922799,0.9825070377784643
127,0.9646538258603764,0.9252842213275497,0.9836452792523224
128,0.9667150117581236,0.9290644209791582,0.9847106095504707
129,0.968659904705858,0.9326672804301193,0.9857075539817556
130,0.9704946241886948,0.9360997314708831,0.9866403742548545
131,0.972225014505487,0.9393685781150662,0.9875130840415173
132,0.9738566560352729,0.9424804840824109,0.9883294587548225
133,0.9753948741207779,0.94544195016104,0.989093049652973
134,0.9768447382503602,0.9482593116078308,0.9898071945582426
135,0.9782110768388911,0.9509387351531016,0.9904750290537242
136,0.9794984839398343,0.9534862078789593,0.9910995002815267
137,0.9807113232810586,0.9559075356604196,0.9916833751030772
138,0.9818537421362629,0.9582083444232893,0.9922292460403362
139,0.9829296767133917,0.9603940695541687,0.9927395497876488
140,0.9839428593759482,0.9624699561876416,0.9932165734169782
141,0.9848968304619231,0.9644410673971681,0.9936624541881108
142,0.9857949435133299,0.9663122785747602,0.9940792002383558
143,0.986640374242269,0.968088278209975,0.9944686968391576
144,0.9874361297572758,0.969773576880533,0.9948327029118843
145,0.9881850542102082,0.9713725056807998,0.9951728689572105
146,0.988889837930954,0.972889217037884,0.9954907450807341
147,0.9895530244763338,0.9743276953094986,0.9957877770691148
148,0.9901770164077796,0.9756917573196403,0.9960653186353168
149,0.9907640847525588,0.9769850531053189,0.9963246411959915
150,0.9913163757190078,0.9782110768146922,0.9965669332337292
151,0.9918359126697416,0.9793731690386838,0.9967933019521297
152,0.9923246050436716,0.9804745186855927,0.9970047894731364
153,0.9927842575999417,0.9815181723052157,0.9972023700174623
154,0.9932165734113718,0.9825070377423333,0.9973869506603017
155,0.9936231527603205,0.9834438863233529,0.9975593828996655
156,0.9940055086731666,0.9843313612152699,0.9977204634513416
157,0.994365070292876,0.9851719816333079,0.997870937375414
158,0.9947031800222466,0.9859681456170385,0.9980115003289983
159,0.9950211021276296,0.9867221369708845,0.9981428003173957
160,0.9953200317750261,0.9874361297428804,0.9982654421384483
